,id,first_name,last_name,email,gender
0,1,Riley,Henken,rhenken0@shinystat.com,Male
1,2,Odelle,Izzard,oizzard1@arstechnica.com,Female
2,3,Ravi,Harrowing,rharrowing2@alexa.com,Male
3,4,Faunie,Margetson,fmargetson3@hc360.com,Female
4,5,Bobine,Trass,btrass4@bloomberg.com,Female
5,6,Marty,Cornehl,mcornehl5@google.nl,Female
6,7,Nickolai,Dinse,ndinse6@umn.edu,Male
7,8,Dana,Dibsdale,ddibsdale7@vk.com,Female
8,9,Florentia,Craythorne,fcraythorne8@yahoo.co.jp,Female
9,10,Rabi,Furber,rfurber9@japanpost.jp,Male
10,11,Marlon,Atlee,matleea@bluehost.com,Male
11,12,Aymer,Welband,awelbandb@last.fm,Male
12,13,Saunderson,Ebbing,sebbingc@dagondesign.com,Male
13,14,Karina,Antic,kanticd@patch.com,Female
14,15,Daile,Tattershaw,dtattershawe@columbia.edu,Female
15,16,Jarid,Arrighini,jarrighinif@123-reg.co.uk,Male
16,17,Claudell,Rawdall,crawdallg@shop-pro.jp,Male
17,18,Gregory,Jeaycock,gjeaycockh@senate.gov,Male
18,19,Cortney,Sheavills,csheavillsi@msn.com,Female
19,20,Chelsey,Cluatt,ccluattj@buzzfeed.com,Female
20,21,Gibby,Maunsell,gmaunsellk@ebay.co.uk,Male
21,22,Aurilia,Gamlin,agamlinl@mapy.cz,Female
22,23,Ray,Apps,rappsm@people.com.cn,Male
23,24,Evin,Van der Son,evandersonn@vimeo.com,Male
24,25,Quintus,Perle,qperleo@chron.com,Male
25,26,Raddie,Gatrell,rgatrellp@flavors.me,Male
26,27,Park,Ranns,prannsq@google.cn,Male
27,28,Lethia,Shadwick,lshadwickr@wikispaces.com,Female
28,29,Carly,Moore,cmoores@gravatar.com,Male
29,30,Cristin,McGrale,cmcgralet@scribd.com,Female
